Img_name,Class Prediction
1.jpg,Mankey
2.jpg,Kadabra
3.jpg,Onix
4.jpg,Paras
5.jpg,Cubone
6.jpg,Bulbasaur
7.jpg,Omastar
8.jpg,Gloom
9.jpg,Tauros
10.jpg,Geodude
11.jpg,Geodude
12.jpg,Exeggutor
13.jpg,Omastar
14.jpg,Moltres
15.jpg,Sandslash
16.jpg,Raticate
17.jpg,Seaking
18.jpg,Venusaur
19.jpg,Kadabra
20.jpg,Bulbasaur
21.jpg,Dewgong
22.jpg,Squirtle
23.jpg,Tauros
24.jpg,Jynx
25.png,Mewtwo
26.jpg,Aerodactyl
27.jpg,Geodude
28.jpg,Tauros
29.jpg,Gloom
30.jpg,Kangaskhan
31.svg,Mankey
32.jpg,Vaporeon
33.jpg,Tauros
34.jpg,Tauros
35.jpg,Poliwhirl
36.jpg,Poliwrath
37.jpg,Raticate
38.jpg,Blastoise
39.jpg,Sandslash
40.jpg,Aerodactyl
41.png,Charmander
42.jpg,Kadabra
43.jpg,Bellsprout
44.jpg,Omanyte
45.jpg,Spearow
46.jpg,Squirtle
47.png,Mewtwo
48.jpg,Farfetchd
49.jpg,Tauros
50.jpg,Venonat
51.jpg,Moltres
52.jpg,Geodude
53.jpg,Sandslash
54.jpg,Blastoise
55.png,Tauros
56.jpg,Mewtwo
57.png,Kakuna
58.jpg,Rhydon
59.jpg,Omastar
60.jpg,Arbok
61.jpg,Tauros
62.jpg,Exeggutor
63.jpg,Mewtwo
64.jpg,Omastar
65.jpg,Tauros
66.jpg,Omastar
67.jpg,Onix
68.jpg,Beedrill
69.jpg,Onix
70.jpg,Fearow
71.jpg,Bulbasaur
72.jpg,Raticate
73.jpg,Arbok
74.jpg,Blastoise
75.jpg,Tauros
76.jpg,Tauros
77.jpg,Fearow
78.jpg,Bulbasaur
79.jpg,Machamp
80.jpg,Arbok
81.jpg,Kingler
82.jpg,Snorlax
83.jpg,Parasect
84.jpg,Kadabra
85.jpg,Kadabra
86.jpg,Mewtwo
87.jpg,Mewtwo
88.jpg,Kadabra
89.jpg,Arcanine
90.jpg,Arbok
91.jpg,Golem
92.jpg,Bellsprout
93.jpg,Kingler
94.jpg,Bellsprout
95.jpg,Tauros
96.jpg,Dodrio
97.jpg,Fearow
98.jpg,Jolteon
99.jpg,Tauros
100.jpg,Golem
101.jpg,Clefairy
102.jpg,Vaporeon
103.jpg,Tauros
104.jpg,Sandslash
105.jpg,Bulbasaur
106.jpg,Caterpie
107.jpg,Mewtwo
108.jpg,Tauros
109.jpg,Seaking
110.jpg,Pinsir
111.jpg,Gloom
112.jpg,Omanyte
113.jpg,Dugtrio
114.jpg,Pinsir
115.jpg,Tangela
116.jpg,Spearow
117.jpg,Fearow
118.jpg,Oddish
119.jpg,Bulbasaur
120.jpg,Magmar
121.jpg,Geodude
122.jpg,Tangela
123.jpg,Fearow
124.jpg,Tauros
125.jpg,Tauros
126.jpg,Tauros
127.jpg,Persian
128.jpg,Dodrio
129.jpg,Kingler
130.jpg,Arcanine
131.jpg,Kadabra
132.jpg,Squirtle
133.jpg,Spearow
134.jpg,Onix
135.jpg,Kadabra
136.jpg,Pinsir
137.jpg,Kadabra
138.jpg,Dodrio
139.jpg,Dewgong
140.jpg,Sandslash
141.jpg,Aerodactyl
142.jpg,Metapod
143.jpg,Exeggutor
144.jpg,Dugtrio
145.jpg,Parasect
146.jpg,Rattata
147.jpg,Omastar
148.jpg,Tauros
149.jpg,Hitmonlee
150.jpg,Venusaur
151.jpg,Caterpie
152.jpg,Gengar
153.jpg,Gloom
154.jpg,Raticate
155.jpg,Tauros
156.jpg,Tauros
157.jpg,Tauros
158.jpg,Sandslash
159.jpg,Tauros
160.jpg,Oddish
161.jpg,Zapdos
162.jpg,Nidorina
163.jpg,Omanyte
164.jpg,Graveler
165.jpg,Blastoise
166.jpg,Farfetchd
167.jpg,Fearow
168.jpg,Arbok
169.jpg,Poliwag
170.jpg,Geodude
171.jpg,Squirtle
172.jpg,Fearow
173.jpg,Fearow
174.jpg,Cubone
175.jpg,Rhydon
176.jpg,Squirtle
177.jpg,Tauros
178.jpg,Caterpie
179.jpg,Kangaskhan
180.jpg,Kadabra
181.jpg,Growlithe
182.jpg,Arcanine
183.jpg,Moltres
184.jpg,Rhydon
185.jpg,Bulbasaur
186.jpg,Dugtrio
187.jpg,Charizard
188.jpg,Golem
189.jpg,Fearow
190.jpg,Machamp
191.jpg,Kadabra
192.jpg,Mewtwo
193.jpg,Geodude
194.jpg,Gloom
195.jpg,Golem
196.jpg,Vaporeon
197.jpg,Tauros
198.jpg,Arcanine
199.jpg,Charmeleon
200.jpg,Arcanine
201.jpg,Nidorina
202.jpg,Vileplume
203.jpg,Growlithe
204.jpg,Vaporeon
205.jpg,Tauros
206.jpg,Poliwrath
207.jpg,Sandslash
208.jpg,Tauros
209.jpg,Exeggutor
210.jpg,Rhyhorn
211.png,Mewtwo
212.jpg,Tauros
213.jpg,Kadabra
214.jpg,Onix
215.jpg,Squirtle
216.jpg,Kingler
217.jpg,Venusaur
218.jpg,Rhydon
219.jpg,Omanyte
220.jpg,Kingler
221.png,Squirtle
222.jpg,Tauros
223.jpg,Squirtle
224.jpg,Gloom
225.jpg,Tauros
226.php,Exeggutor
227.jpg,Squirtle
228.jpg,Venusaur
229.jpg,Geodude
230.jpg,Dodrio
231.jpg,Aerodactyl
232.jpg,Poliwrath
233.png,Jolteon
234.jpg,Rhydon
235.jpg,Fearow
236.jpg,Mankey
237.jpg,Gengar
238.jpg,Omanyte
239.jpg,Metapod
240.jpg,Caterpie
241.jpg,Exeggutor
242.jpg,Spearow
243.jpg,Fearow
244.jpg,Kadabra
245.jpg,Bulbasaur
246.jpg,Growlithe
247.jpg,Kadabra
248.jpg,Dugtrio
249.jpg,Bulbasaur
250.jpg,Pinsir
251.jpg,Aerodactyl
252.jpg,Cubone
253.jpg,Squirtle
254.jpg,Mewtwo
255.png,Rhyhorn
256.jpg,Growlithe
257.jpg,Kadabra
258.jpg,Fearow
259.jpg,Blastoise
260.jpg,Machamp
261.jpg,Squirtle
262.jpg,Beedrill
263.jpg,Kingler
264.jpg,Seaking
265.jpg,Fearow
266.jpg,Kadabra
267.jpg,Hitmonchan
268.jpg,Rhyhorn
269.jpg,Gloom
270.jpg,Vulpix
271.jpg,Jynx
272.jpg,Bellsprout
273.jpg,Graveler
274.jpg,Fearow
275.jpg,Omastar
276.jpg,Venonat
277.svg,Mewtwo
278.jpg,Omastar
279.jpg,Sandslash
280.png,Charmander
281.jpg,Vulpix
282.jpg,Omanyte
283.jpg,Charmander
284.jpg,Caterpie
285.jpg,Exeggutor
286.jpg,Kadabra
287.jpg,Metapod
288.jpg,Dugtrio
289.jpg,Gloom
290.jpg,Fearow
291.jpg,Cloyster
292.jpg,Spearow
293.jpg,Dewgong
294.jpg,Fearow
295.jpg,Kingler
296.jpg,Mankey
297.jpg,Pinsir
298.jpg,Jolteon
299.png,Golem
300.jpg,Fearow
301.jpg,Sandslash
302.jpg,Caterpie
303.jpg,Poliwhirl
304.png,Charizard
305.jpg,Omanyte
306.jpg,Gloom
307.jpg,Victreebel
308.jpg,Geodude
309.jpg,Raticate
310.png,Squirtle
311.jpg,Mewtwo
312.jpg,Cubone
313.jpg,Dugtrio
314.jpg,Fearow
315.jpg,Squirtle
316.jpg,Tauros
317.jpg,Bulbasaur
318.jpg,Spearow
319.jpg,Vaporeon
320.jpg,Golem
321.jpg,Exeggutor
322.jpg,Charmander
323.jpg,Farfetchd
324.jpg,Arbok
325.jpg,Snorlax
326.jpg,Exeggutor
327.jpg,Tauros
328.jpg,Omanyte
329.jpg,Tauros
330.jpg,Farfetchd
331.jpg,Fearow
332.jpg,Kingler
333.jpg,Kabutops
334.jpg,Mewtwo
335.jpg,Geodude
336.jpg,Kadabra
337.jpg,Rhydon
338.jpg,Weezing
339.jpg,Dodrio
340.jpg,Omastar
341.jpg,Charmander
342.jpg,Tauros
343.jpg,Bulbasaur
344.jpg,Arbok
345.jpg,Caterpie
346.jpg,Gloom
347.jpg,Sandslash
348.jpg,Beedrill
349.jpg,Blastoise
350.jpg,Starmie
351.jpg,Paras
352.jpg,Snorlax
353.jpg,Magneton
354.jpg,Kadabra
355.jpg,Kingler
356.jpg,Sandslash
357.jpg,Metapod
358.jpg,Graveler
359.jpg,Mankey
360.jpg,Vaporeon
361.jpg,Tauros
362.jpg,Seaking
363.jpg,Omanyte
364.jpg,Growlithe
365.jpg,Blastoise
366.jpg,Omanyte
367.jpg,Kakuna
368.jpg,Mankey
369.jpg,Farfetchd
370.jpg,Tauros
371.jpg,Caterpie
372.jpg,Tauros
373.jpg,Cubone
374.jpg,Dewgong
375.jpg,Farfetchd
376.jpg,Fearow
377.png,Bulbasaur
378.jpg,Snorlax
379.jpg,Squirtle
380.jpg,Sandslash
381.jpg,Beedrill
382.jpg,Mewtwo
383.jpg,Poliwhirl
384.jpg,Gloom
385.jpg,Nidorina
386.jpg,Tauros
387.jpg,Blastoise
388.jpg,Arcanine
389.jpg,Kadabra
390.jpg,Hitmonchan
391.jpg,Dewgong
392.jpg,Caterpie
393.jpg,Geodude
394.jpg,Tauros
395.jpg,Tentacruel
396.jpg,Poliwrath
397.jpg,Tauros
398.png,Charizard
399.jpg,Farfetchd
400.jpg,Omanyte
401.jpg,Kingler
402.jpg,Kingler
403.jpg,Tauros
404.jpg,Koffing
405.jpg,Charizard
406.jpg,Metapod
407.jpg,Shellder
408.jpg,Raticate
409.jpg,Dugtrio
410.jpg,Bulbasaur
411.jpg,Omastar
412.jpg,Mewtwo
413.jpg,Kadabra
414.png,Bulbasaur
415.jpg,Kangaskhan
416.jpg,Rhydon
417.jpg,Farfetchd
418.jpg,Dugtrio
419.jpg,Vaporeon
420.jpg,Hitmonchan
421.jpg,Mewtwo
422.jpg,Sandslash
423.jpg,Caterpie
424.jpg,Geodude
425.jpg,Squirtle
426.jpg,Raichu
427.jpg,Fearow
428.jpg,Onix
429.png,Zapdos
430.jpg,Poliwhirl
431.jpg,Raticate
432.jpg,Metapod
433.jpg,Omastar
434.jpg,Nidorina
435.jpg,Graveler
436.jpg,Machamp
437.png,Snorlax
438.jpg,Nidorina
439.jpg,Cubone
440.jpg,Mewtwo
441.jpg,Tauros
442.jpg,Tauros
443.jpg,Kadabra
444.jpg,Caterpie
445.jpg,Exeggutor
446.jpg,Sandslash
447.jpg,Arbok
448.jpg,Fearow
449.jpg,Kangaskhan
450.svg,Metapod
451.jpg,Fearow
452.jpg,Oddish
453.jpg,Cubone
454.jpg,Omastar
455.jpg,Pikachu
456.jpg,Kangaskhan
457.jpg,Graveler
458.jpg,Gloom
459.jpg,Kadabra
460.jpg,Zapdos
461.jpg,Bulbasaur
462.jpg,Koffing
463.png,Kingler
464.jpg,Bulbasaur
465.jpg,Blastoise
466.jpg,Golem
467.jpg,Metapod
468.jpg,Sandslash
469.jpg,Tauros
470.jpg,Aerodactyl
471.png,Squirtle
472.jpg,Blastoise
473.jpg,Poliwag
474.jpg,Onix
475.jpg,Tauros
476.jpg,Squirtle
477.jpg,Cloyster
478.jpg,Omastar
479.jpg,Poliwhirl
480.jpg,Rhydon
481.jpg,Snorlax
482.png,Bulbasaur
483.jpg,Weezing
484.jpg,Poliwrath
485.jpg,Eevee
486.jpg,Kingler
487.jpg,Rhyhorn
488.jpg,Squirtle
489.jpg,Sandslash
490.jpg,Pinsir
491.jpg,Geodude
492.jpg,Kingler
493.jpg,Clefairy
494.jpg,Bulbasaur
495.jpg,Poliwhirl
496.jpg,Arbok
497.jpg,Tauros
498.jpg,Gyarados
499.jpg,Poliwhirl
500.jpg,Tauros
501.jpg,Omanyte
502.jpg,Sandslash
503.jpg,Omastar
504.jpg,Cubone
505.jpg,Omanyte
506.jpg,Starmie
507.jpg,Onix
508.jpg,Tauros
509.jpg,Kingler
510.jpg,Exeggutor
511.jpg,Tauros
512.jpg,Kadabra
513.jpg,Magmar
514.jpg,Arbok
515.jpg,Kadabra
516.jpg,Tauros
517.jpg,Kadabra
518.jpg,Growlithe
519.jpg,Golem
520.jpg,Caterpie
521.jpg,Golem
522.jpg,Fearow
523.jpg,Kadabra
524.jpg,Beedrill
525.jpg,Omanyte
526.jpg,Kadabra
527.jpg,Raticate
528.jpg,Kadabra
529.jpg,Tauros
530.jpg,Graveler
531.jpg,Kadabra
532.jpg,Omastar
533.jpg,Kingler
534.jpg,Jynx
535.jpg,Psyduck
536.jpg,Arbok
537.jpg,Omastar
538.jpg,Snorlax
539.jpg,Raticate
540.jpg,Snorlax
541.jpg,Weezing
542.jpg,Tauros
543.jpg,Tauros
544.png,Mewtwo
545.jpg,Mew
546.jpg,Tauros
547.jpg,Machamp
548.jpg,Raichu
549.jpg,Omastar
550.jpg,Vulpix
551.jpg,Sandslash
552.jpg,Tauros
553.jpg,Tauros
554.jpg,Vaporeon
555.jpg,Dugtrio
556.jpg,Sandslash
557.jpg,Omanyte
558.jpg,Arbok
559.jpg,Kingler
560.jpg,Cloyster
561.jpg,Raticate
562.jpg,Geodude
563.png,Squirtle
564.jpg,Persian
565.jpg,Tauros
566.jpg,Fearow
567.jpg,Weezing
568.jpg,Sandslash
569.jpg,Bulbasaur
570.jpg,Caterpie
571.png,Drowzee
572.jpg,Kadabra
573.jpg,Kabutops
574.jpg,Sandslash
575.jpg,Arbok
576.jpg,Rhydon
577.jpg,Arbok
578.jpg,Venomoth
579.jpg,Paras
580.jpg,Spearow
581.jpg,Charizard
582.jpg,Tauros
583.jpg,Tauros
584.jpg,Raichu
585.jpg,Poliwrath
586.jpg,Raticate
587.jpg,Sandslash
588.jpg,Poliwrath
589.jpg,Nidorina
590.svg,Kadabra
591.jpg,Arbok
592.jpg,Machamp
593.jpg,Bulbasaur
594.jpg,Fearow
595.jpg,Farfetchd
596.jpg,Cubone
597.jpg,Machamp
598.jpg,Mewtwo
599.jpg,Omastar
600.jpg,Kadabra
601.jpg,Parasect
602.jpg,Poliwhirl
603.jpg,Kangaskhan
604.jpg,Cubone
605.jpg,Caterpie
606.jpg,Omanyte
607.jpg,Golem
608.jpg,Kakuna
609.jpg,Gloom
610.jpg,Gloom
611.jpg,Magneton
612.jpg,Beedrill
613.png,Charmander
614.jpg,Tauros
615.jpg,Fearow
616.jpg,Clefairy
617.jpg,Weezing
618.jpg,Bulbasaur
619.jpg,Rhydon
620.png,Kadabra
621.jpg,Fearow
622.jpg,Fearow
623.jpg,Tentacruel
624.jpg,Tentacruel
625.jpg,Golem
626.jpg,Geodude
627.jpg,Tauros
628.jpg,Tauros
629.jpg,Seel
630.jpg,Victreebel
631.jpg,Poliwhirl
632.jpg,Tauros
633.jpg,Arcanine
634.jpg,Bulbasaur
635.jpg,Metapod
636.jpg,Ninetales
637.jpg,Cloyster
638.jpg,Snorlax
639.jpg,Omanyte
640.jpg,Starmie
641.jpg,Beedrill
642.jpg,Kangaskhan
643.jpg,Snorlax
644.jpg,Seaking
645.jpg,Zapdos
646.jpg,Kingler
647.jpg,Tauros
648.jpg,Tauros
649.jpg,Caterpie
650.jpg,Mewtwo
651.jpg,Omastar
652.jpg,Raticate
653.jpg,Omastar
654.png,Mewtwo
655.jpg,Omanyte
656.jpg,Farfetchd
657.jpg,Machamp
658.jpg,Tauros
659.jpg,Charizard
660.jpg,Kabutops
661.jpg,Snorlax
662.jpg,Poliwag
663.jpg,Fearow
664.jpg,Beedrill
665.jpg,Exeggutor
666.jpg,Arcanine
667.jpg,Tauros
668.jpg,Kadabra
669.jpg,Ivysaur
670.jpg,Tauros
671.jpg,Oddish
672.jpg,Tauros
673.jpg,Mewtwo
674.jpg,Muk
675.jpg,Golem
676.jpg,Aerodactyl
677.jpg,Arbok
678.jpg,Cubone
679.jpg,Tauros
680.jpg,Tauros
681.jpg,Arbok
682.jpg,Kangaskhan
683.jpg,Tauros
684.jpg,Tauros
685.jpg,Metapod
686.jpg,Kadabra
687.jpg,Sandslash
688.jpg,Omanyte
689.jpg,Starmie
690.jpg,Kangaskhan
691.jpg,Exeggutor
692.jpg,Poliwhirl
693.jpg,Fearow
694.jpg,Geodude
695.jpg,Pikachu
696.jpg,Farfetchd
697.jpg,Golem
698.jpg,Golem
699.jpg,Venonat
700.jpg,Tauros
701.jpg,Kingler
702.jpg,Golem
703.jpg,Machamp
704.png,Bulbasaur
705.jpg,Farfetchd
706.jpg,Vaporeon
707.jpg,Fearow
708.jpg,Fearow
709.jpg,Raticate
710.jpg,Weezing
711.jpg,Vaporeon
712.jpg,Tauros
713.jpg,Fearow
714.jpg,Tauros
715.jpg,Farfetchd
716.jpg,Tauros
717.jpg,Raticate
718.jpg,Omanyte
719.jpg,Blastoise
720.png,Kadabra
721.jpg,Metapod
722.jpg,Kangaskhan
723.jpg,Raticate
724.jpg,Squirtle
725.jpg,Mewtwo
726.jpg,Rhydon
727.jpg,Venusaur
728.jpg,Machamp
729.jpg,Squirtle
730.jpg,Raticate
731.jpg,Fearow
732.jpg,Omanyte
733.jpg,Kabutops
734.jpg,Tauros
735.jpg,Beedrill
736.png,Aerodactyl
737.jpg,Charmander
738.jpg,Metapod
739.jpg,Arbok
740.jpg,Rhydon
741.jpg,Dewgong
742.jpg,Seaking
743.jpg,Fearow
744.jpg,Mankey
745.jpg,Kadabra
746.png,Metapod
747.jpg,Tauros
748.jpg,Fearow
749.jpg,Blastoise
750.jpg,Paras
751.jpg,Tauros
752.jpg,Tauros
753.jpg,Exeggutor
754.jpg,Spearow
755.jpg,Raticate
756.jpg,Arbok
757.jpg,Rhyhorn
758.jpg,Aerodactyl
759.jpg,Scyther
760.jpg,Arcanine
761.jpg,Dodrio
762.jpg,Exeggutor
763.png,Dugtrio
764.jpg,Raticate
765.jpg,Metapod
766.jpg,Tauros
767.jpg,Tauros
768.jpg,Kadabra
769.jpg,Seaking
770.jpg,Victreebel
771.jpg,Metapod
772.jpg,Arbok
773.jpg,Kadabra
774.jpg,Tauros
775.jpg,Tauros
776.jpg,Tauros
777.jpg,Tauros
778.jpg,Arcanine
779.jpg,Bulbasaur
780.jpg,Tauros
781.jpg,Tauros
782.jpg,Fearow
783.jpg,Caterpie
784.jpg,Paras
785.jpg,Arbok
786.jpg,Grimer
787.jpg,Kadabra
788.jpg,Tauros
789.jpg,Golbat
790.jpg,Tentacool
791.jpg,Poliwhirl
792.jpg,Machamp
793.jpg,Tauros
794.jpg,Fearow
795.jpg,Fearow
796.jpg,Raticate
797.jpg,Kingler
798.jpg,Machamp
799.jpg,Arcanine
800.jpg,Mewtwo
801.jpg,Weedle
802.jpg,Dragonite
803.jpg,Bulbasaur
804.jpg,Squirtle
805.png,Bulbasaur
806.jpg,Seel
807.jpg,Bellsprout
808.jpg,Mewtwo
809.jpg,Tauros
810.jpg,Lickitung
811.jpg,Kakuna
812.jpg,Gengar
813.jpg,Cloyster
814.jpg,Kangaskhan
815.jpg,Growlithe
816.jpg,Metapod
817.jpg,Caterpie
818.jpg,Arbok
819.jpg,Bulbasaur
820.jpg,Geodude
821.jpg,Tauros
822.jpg,Farfetchd
823.jpg,Kingler
824.jpg,Mewtwo
825.jpg,Kadabra
826.jpg,Venusaur
827.jpg,Arcanine
828.jpg,Tauros
829.jpg,Kadabra
830.jpg,Kadabra
831.png,Squirtle
832.jpg,Nidorina
833.jpg,Kingler
834.jpg,Omanyte
835.jpg,Omanyte
836.jpg,Snorlax
837.jpg,Charizard
838.jpg,Poliwrath
839.jpg,Pinsir
840.jpg,Kadabra
841.jpg,Cloyster
842.jpg,Beedrill
843.jpg,Fearow
844.jpg,Dugtrio
845.jpg,Fearow
846.jpg,Exeggutor
847.jpg,Staryu
848.jpg,Butterfree
849.jpg,Metapod
850.jpg,Vaporeon
851.jpg,Metapod
852.jpg,Kakuna
853.jpg,Starmie
854.jpg,Mewtwo
855.jpg,Poliwhirl
856.jpg,Growlithe
857.jpg,Seaking
858.png,Kadabra
859.jpg,Mewtwo
860.jpg,Nidoqueen
861.jpg,Tauros
862.jpg,Omanyte
863.jpg,Dugtrio
864.jpg,Krabby
865.jpg,Kingler
866.jpg,Omastar
867.jpg,Squirtle
868.png,Kadabra
869.jpg,Kingler
870.png,Charmander
871.jpg,Kingler
872.jpg,Arbok
873.jpg,Fearow
874.jpg,Omastar
875.jpg,Cloyster
876.jpg,Squirtle
877.jpg,Gloom
878.jpg,Farfetchd
879.jpg,Sandslash
880.jpg,Omanyte
881.jpg,Pinsir
882.jpg,Nidorina
883.jpg,Pinsir
884.jpg,Arbok
885.jpg,Victreebel
886.jpg,Tauros
887.jpg,Tauros
888.jpg,Rhydon
889.jpg,Metapod
890.jpg,Kingler
891.jpg,Omanyte
892.jpg,Raticate
893.jpg,Omanyte
894.jpg,Omanyte
895.jpg,Charmander
896.jpg,Fearow
897.jpg,Beedrill
898.jpg,Kingler
899.jpg,Tauros
900.jpg,Tentacruel
901.jpg,Machamp
902.jpg,Kadabra
903.jpg,Fearow
904.jpg,Kingler
905.jpg,Graveler
906.jpg,Mewtwo
907.jpg,Exeggutor
908.jpg,Tangela
909.jpg,Tauros
910.jpg,Doduo
911.jpg,Poliwrath
912.jpg,Rhyhorn
913.jpg,Jynx
914.jpg,Rhyhorn
915.jpg,Tauros
916.jpg,Rhyhorn
917.jpg,Charizard
918.jpg,Poliwhirl
919.jpg,Venonat
920.png,Mewtwo
921.jpg,Weezing
922.jpg,Pidgey
923.jpg,Vaporeon
924.jpg,Beedrill
925.jpg,Rhyhorn
926.jpg,Golem
927.jpg,Golem
928.jpg,Kingler
929.jpg,Doduo
930.jpg,Mewtwo
931.jpg,Exeggutor
932.jpg,Arbok
933.jpg,Gloom
934.jpg,Fearow
935.jpg,Arcanine
936.jpg,Kangaskhan
937.jpg,Kingler
938.jpg,Kadabra
939.jpg,Rhyhorn
940.jpg,Omastar
941.jpg,Machamp
942.jpg,Onix
943.jpg,Charmander
944.jpg,Nidorina
945.jpg,Metapod
946.jpg,Charizard
947.jpg,Poliwrath
948.jpg,Kangaskhan
949.jpg,Tauros
950.jpg,Kingler
951.jpg,Seaking
952.jpg,Sandslash
953.jpg,Kangaskhan
954.jpg,Zapdos
955.jpg,Caterpie
956.jpg,Kadabra
957.jpg,Fearow
958.jpg,Dugtrio
959.jpg,Charizard
960.jpg,Spearow
961.jpg,Caterpie
962.jpg,Golbat
963.jpg,Sandslash
964.jpg,Omastar
965.jpg,Tauros
966.jpg,Omastar
967.jpg,Snorlax
968.jpg,Snorlax
969.jpg,Sandslash
970.jpg,Nidoking
971.jpg,Spearow
972.jpg,Kadabra
973.jpg,Tauros
974.jpg,Omanyte
975.jpg,Venusaur
976.jpg,Rhyhorn
977.png,Bulbasaur
978.jpg,Weepinbell
979.jpg,Beedrill
980.jpg,Dugtrio
981.jpg,Starmie
982.jpg,Beedrill
983.jpg,Caterpie
984.jpg,Onix
985.jpg,Omastar
986.jpg,Starmie
987.jpg,Arbok
988.jpg,Fearow
989.jpg,Poliwrath
990.jpg,Arcanine
991.jpg,Jolteon
992.jpg,Venusaur
993.jpg,Cloyster
994.jpg,Charmander
995.jpg,Cloyster
996.jpg,Tauros
997.jpg,Dragonite
998.jpg,Raichu
999.jpg,Fearow
1000.jpg,Cubone
1001.jpg,Sandslash
1002.jpg,Kadabra
1003.jpg,Cubone
1004.jpg,Blastoise
1005.jpg,Metapod
1006.jpg,Fearow
1007.png,Jolteon
1008.jpg,Fearow
1009.jpg,Arbok
1010.jpg,Mewtwo
1011.jpg,Farfetchd
1012.jpg,Kangaskhan
1013.jpg,Cubone
1014.png,Aerodactyl
1015.jpg,Fearow
1016.jpg,Rhyhorn
1017.jpg,Tauros
1018.jpg,Tauros
1019.jpg,Magmar
1020.jpg,Caterpie
1021.jpg,Bulbasaur
1022.jpg,Primeape
1023.jpg,Charizard
1024.png,Bulbasaur
1025.jpg,Venomoth
1026.jpg,Gloom
1027.png,Bulbasaur
1028.png,Tangela
1029.jpg,Venusaur
1030.jpg,Golem
1031.jpg,Mewtwo
1032.jpg,Spearow
1033.jpg,Tauros
1034.jpg,Tauros
1035.jpg,Caterpie
1036.jpg,Tauros
1037.jpg,Weezing
1038.jpg,Tauros
1039.jpg,Vaporeon
1040.jpg,Starmie
1041.jpg,Fearow
1042.jpg,Poliwhirl
1043.jpg,Golem
1044.png,Zapdos
1045.jpg,Spearow
1046.jpg,Arbok
1047.jpg,Tauros
1048.jpg,Growlithe
1049.jpg,Metapod
1050.jpg,Exeggutor
1051.jpg,Fearow
1052.jpg,Hitmonchan
1053.jpg,Rhyhorn
1054.jpg,Bulbasaur
1055.jpg,Golbat
1056.jpg,Squirtle
1057.jpg,Charmander
1058.jpg,Graveler
1059.jpg,Mewtwo
1060.jpg,Nidoking
1061.jpg,Graveler
1062.jpg,Kangaskhan
1063.jpg,Golem
1064.jpg,Tauros
1065.jpg,Dugtrio
1066.jpg,Dratini
1067.jpg,Sandslash
1068.jpg,Beedrill
1069.jpg,Seaking
1070.jpg,Geodude
1071.jpg,Exeggutor
1072.jpg,Charizard
1073.jpg,Caterpie
1074.jpg,Kangaskhan
1075.jpg,Caterpie
1076.jpg,Metapod
1077.jpg,Omanyte
1078.jpg,Cubone
1079.jpg,Geodude
1080.jpg,Tauros
1081.jpg,Fearow
1082.jpg,Victreebel
1083.jpg,Pinsir
1084.jpg,Nidoking
1085.jpg,Arbok
1086.jpg,Gloom
1087.jpg,Raticate
1088.jpg,Metapod
1089.jpg,Kadabra
1090.jpg,Omanyte
1091.jpg,Sandslash
1092.jpg,Magmar
1093.jpg,Kadabra
1094.jpg,Sandslash
1095.jpg,Tauros
1096.jpg,Growlithe
1097.png,Pikachu
1098.jpg,Kadabra
1099.png,Omanyte
1100.jpg,Charmander
1101.jpg,Tauros
1102.jpg,Tauros
1103.jpg,Geodude
1104.jpg,Spearow
1105.jpg,Hitmonchan
1106.jpg,Tauros
1107.jpg,Starmie
1108.jpg,Koffing
1109.jpg,Exeggutor
1110.jpg,Kadabra
1111.jpg,Tauros
1112.jpg,Caterpie
1113.jpg,Kingler
1114.jpg,Tauros
1115.jpg,Dodrio
1116.jpg,Fearow
1117.jpg,Geodude
1118.jpg,Omanyte
1119.jpg,Dodrio
1120.jpg,Exeggutor
1121.jpg,Exeggutor
1122.jpg,Moltres
1123.jpg,Bellsprout
1124.jpg,Kingler
1125.jpg,Exeggutor
1126.jpg,Kadabra
1127.jpg,Squirtle
1128.jpg,Fearow
1129.jpg,Arcanine
1130.jpg,Kingler
1131.jpg,Dodrio
1132.jpg,Eevee
1133.jpg,Kadabra
1134.jpg,Kingler
1135.png,Growlithe
1136.jpg,Gloom
1137.jpg,Geodude
1138.jpg,Gloom
1139.jpg,Fearow
1140.jpg,Omastar
1141.jpg,Exeggutor
1142.jpg,Kadabra
1143.jpg,Omastar
1144.jpg,Geodude
1145.jpg,Sandslash
1146.jpg,Arbok
1147.png,Squirtle
1148.jpg,Kadabra
1149.jpg,Poliwhirl
1150.jpg,Cloyster
1151.jpg,Charmeleon
1152.jpg,Charizard
1153.jpg,Tauros
1154.jpg,Machop
1155.jpg,Squirtle
1156.jpg,Pinsir
1157.jpg,Mewtwo
1158.jpg,Geodude
1159.jpg,Rhyhorn
1160.jpg,Machamp
1161.jpg,Charmander
1162.jpg,Fearow
1163.jpg,Bellsprout
1164.jpg,Koffing
1165.jpg,Dugtrio
1166.jpg,Fearow
1167.jpg,Sandslash
1168.jpg,Gloom
1169.jpg,Geodude
1170.jpg,Mewtwo
1171.jpg,Nidoqueen
1172.jpg,Kadabra
1173.jpg,Vaporeon
1174.png,Bulbasaur
1175.png,Squirtle
1176.jpg,Caterpie
1177.jpg,Geodude
1178.jpg,Tauros
1179.jpg,Blastoise
1180.jpg,Cloyster
1181.jpg,Dewgong
1182.jpg,Starmie
1183.jpg,Mewtwo
1184.jpg,Omastar
1185.jpg,Onix
1186.jpg,Beedrill
1187.jpg,Kingler
1188.jpg,Omastar
1189.jpg,Onix
1190.jpg,Nidoking
1191.jpg,Seaking
1192.jpg,Tauros
1193.jpg,Omanyte
1194.jpg,Sandslash
1195.jpg,Fearow
1196.jpg,Charmander
1197.jpg,Tauros
1198.jpg,Tauros
1199.jpg,Paras
1200.jpg,Golem
1201.jpg,Cloyster
1202.jpg,Rhyhorn
1203.jpg,Squirtle
1204.jpg,Kadabra
1205.jpg,Tauros
1206.jpg,Snorlax
1207.jpg,Squirtle
1208.jpg,Psyduck
1209.jpg,Voltorb
1210.jpg,Tauros
1211.jpg,Kadabra
1212.jpg,Tauros
1213.jpg,Growlithe
1214.jpg,Omanyte
1215.jpg,Starmie
1216.jpg,Kabutops
1217.jpg,Snorlax
1218.jpg,Fearow
1219.jpg,Gengar
1220.jpg,Cubone
1221.jpg,Rhydon
1222.jpg,Tauros
1223.jpg,Bulbasaur
1224.jpg,Kadabra
1225.png,Caterpie
1226.jpg,Kangaskhan
1227.jpg,Mewtwo
1228.jpg,Caterpie
1229.jpg,Tauros
1230.jpg,Butterfree
1231.jpg,Arcanine
1232.png,Metapod
1233.jpg,Cubone
1234.jpg,Gloom
1235.jpg,Cubone
1236.jpg,Graveler
1237.jpg,Charizard
1238.jpg,Venusaur
1239.jpg,Kangaskhan
1240.jpg,Kingler
1241.jpg,Cloyster
1242.png,Aerodactyl
1243.png,Golem
1244.jpg,Mewtwo
1245.jpg,Blastoise
1246.jpg,Kingler
1247.jpg,Farfetchd
1248.jpg,Charmeleon
1249.jpg,Metapod
1250.jpg,Machamp
1251.jpg,Mewtwo
1252.jpg,Caterpie
1253.jpg,Sandslash
1254.svg,Graveler
1255.jpg,Rattata
1256.jpg,Charmander
1257.jpg,Bulbasaur
1258.jpg,Bulbasaur
1259.jpg,Zapdos
1260.jpg,Omastar
1261.jpg,Graveler
1262.jpg,Exeggutor
1263.jpg,Tauros
1264.jpg,Kingler
1265.jpg,Metapod
1266.jpg,Sandslash
1267.jpg,Gloom
1268.jpg,Mankey
1269.jpg,Vaporeon
1270.jpg,Bulbasaur
1271.jpg,Tauros
1272.jpg,Geodude
1273.jpg,Cloyster
1274.jpg,Kangaskhan
1275.jpg,Arbok
1276.jpg,Tauros
1277.jpg,Poliwhirl
1278.jpg,Starmie
1279.jpg,Sandslash
1280.jpg,Sandslash
1281.jpg,Cubone
1282.jpg,Kadabra
1283.jpg,Tauros
1284.jpg,Tauros
1285.jpg,Weezing
1286.jpg,Psyduck
1287.jpg,Golem
1288.jpg,Bulbasaur
1289.jpg,Omastar
1290.jpg,Tauros
1291.jpg,Fearow
1292.jpg,Beedrill
1293.jpg,Kadabra
1294.jpg,Mewtwo
1295.jpg,Arbok
1296.jpg,Kingler
1297.jpg,Vaporeon
1298.jpg,Mewtwo
1299.jpg,Farfetchd
1300.jpg,Dodrio
1301.jpg,Dewgong
1302.jpg,Spearow
1303.jpg,Dodrio
1304.jpg,Vaporeon
1305.jpg,Omanyte
1306.jpg,Venusaur
1307.jpg,Growlithe
1308.jpg,Tauros
1309.jpg,Bulbasaur
1310.jpg,Snorlax
1311.jpg,Squirtle
1312.png,Bulbasaur
1313.jpg,Metapod
1314.jpg,Metapod
1315.jpg,Tauros
1316.jpg,Omanyte
1317.jpg,Kadabra
1318.jpg,Growlithe
1319.jpg,Eevee
1320.jpg,Geodude
1321.jpg,Vaporeon
1322.jpg,Caterpie
1323.jpg,Blastoise
1324.jpg,Onix
1325.jpg,Arcanine
1326.jpg,Tentacool
1327.jpg,Farfetchd
1328.jpg,Graveler
1329.jpg,Farfetchd
1330.jpg,Gloom
1331.jpg,Caterpie
1332.jpg,Omanyte
1333.jpg,Hitmonlee
1334.jpg,Golem
1335.jpg,Squirtle
1336.jpg,Tauros
1337.jpg,Tauros
1338.jpg,Gloom
1339.jpg,Tauros
1340.jpg,Arbok
1341.jpg,Caterpie
1342.jpg,Machamp
1343.jpg,Fearow
1344.jpg,Fearow
1345.jpg,Fearow
1346.jpg,Nidoqueen
1347.jpg,Pinsir
1348.jpg,Tauros
1349.png,Squirtle
1350.jpg,Kadabra
1351.jpg,Kadabra
1352.jpg,Rhyhorn
1353.jpg,Victreebel
1354.jpg,Dewgong
1355.jpg,Sandslash
1356.jpg,Kingler
1357.jpg,Charizard
1358.jpg,Mewtwo
1359.jpg,Omastar
1360.jpg,Kadabra
1361.png,Bulbasaur
1362.jpg,Bulbasaur
1363.jpg,Bulbasaur
1364.jpg,Vaporeon
1365.jpg,Kadabra
1366.jpg,Bulbasaur
1367.jpg,Mankey
1368.jpg,Squirtle
1369.jpg,Exeggutor
1370.jpg,Kangaskhan
1371.jpg,Weezing
1372.jpg,Tauros
1373.jpg,Golem
1374.jpg,Zapdos
1375.png,Caterpie
1376.jpg,Kadabra
1377.jpg,Tauros
1378.jpg,Kingler
1379.jpg,Venusaur
1380.jpg,Bulbasaur
1381.jpg,Gloom
1382.jpg,Sandslash
1383.jpg,Weepinbell
1384.jpg,Fearow
1385.jpg,Tauros
1386.jpg,Parasect
1387.jpg,Poliwhirl
1388.png,Rhyhorn
1389.jpg,Charmander
1390.jpg,Arbok
1391.jpg,Metapod
1392.jpg,Sandslash
1393.jpg,Rhyhorn
1394.jpg,Tauros
1395.jpg,Sandslash
1396.jpg,Golem
1397.jpg,Tauros
1398.jpg,Metapod
1399.jpg,Snorlax
1400.png,Charmander
1401.jpg,Arcanine
1402.jpg,Tauros
1403.jpg,Vulpix
1404.jpg,Tauros
1405.jpg,Kabutops
1406.jpg,Tauros
1407.jpg,Vaporeon
1408.jpg,Exeggutor
1409.jpg,Growlithe
1410.jpg,Farfetchd
1411.jpg,Squirtle
1412.jpg,Paras
1413.jpg,Omastar
1414.jpg,Metapod
1415.png,Bulbasaur
1416.jpg,Geodude
1417.jpg,Machamp
1418.jpg,Seaking
1419.jpg,Tauros
1420.jpg,Arbok
1421.jpg,Raticate
1422.jpg,Sandslash
1423.png,Metapod
1424.jpg,Tauros
1425.jpg,Bulbasaur
1426.jpg,Cubone
1427.jpg,Kadabra
1428.jpg,Raticate
1429.jpg,Fearow
1430.jpg,Tauros
1431.jpg,Dugtrio
1432.jpg,Fearow
1433.jpg,Geodude
1434.jpg,Kadabra
1435.jpg,Kadabra
1436.jpg,Graveler
1437.png,Squirtle
1438.jpg,Poliwhirl
1439.jpg,Grimer
1440.jpg,Snorlax
1441.jpg,Snorlax
1442.jpg,Weezing
1443.jpg,Kakuna
1444.jpg,Nidoking
1445.jpg,Tauros
1446.jpg,Cloyster
1447.jpg,Omanyte
1448.jpg,Poliwhirl
1449.jpg,Farfetchd
1450.png,Nidoqueen
1451.jpg,Omanyte
1452.jpg,Poliwhirl
1453.jpg,Tauros
1454.jpg,Dugtrio
1455.jpg,Dodrio
1456.jpg,Weezing
1457.jpg,Kadabra
1458.jpg,Rhydon
1459.jpg,Bellsprout
1460.jpg,Weepinbell
1461.jpg,Tauros
1462.jpg,Arbok
1463.jpg,Staryu
1464.jpg,Vulpix
1465.jpg,Mewtwo
1466.jpg,Fearow
1467.jpg,Beedrill
1468.jpg,Rhydon
1469.jpg,Omanyte
1470.png,Caterpie
1471.jpg,Caterpie
1472.jpg,Tauros
1473.jpg,Hitmonchan
1474.jpg,Kadabra
1475.jpg,Arcanine
1476.jpg,Omastar
1477.jpg,Tauros
1478.jpg,Kingler
1479.jpg,Nidoking
1480.jpg,Farfetchd
1481.jpg,Mewtwo
1482.jpg,Tauros
1483.jpg,Tauros
1484.jpg,Bulbasaur
1485.jpg,Oddish
1486.jpg,Venonat
1487.jpg,Tentacruel
1488.jpg,Pidgey
1489.jpg,Blastoise
1490.jpg,Caterpie
1491.jpg,Tauros
1492.jpg,Gloom
1493.jpg,Omanyte
1494.png,Pikachu
1495.jpg,Rhydon
1496.jpg,Tauros
1497.jpg,Rattata
1498.jpg,Kangaskhan
1499.jpg,Omanyte
1500.jpg,Cubone
1501.jpg,Starmie
1502.jpg,Fearow
1503.jpg,Beedrill
1504.jpg,Kadabra
1505.jpg,Poliwhirl
1506.jpg,Tauros
1507.jpg,Aerodactyl
1508.jpg,Kingler
1509.jpg,Exeggutor
1510.jpg,Butterfree
1511.jpg,Ivysaur
1512.jpg,Kadabra
1513.jpg,Charizard
1514.jpg,Metapod
1515.jpg,Blastoise
1516.jpg,Tauros
1517.jpg,Tauros
1518.jpg,Geodude
1519.jpg,Beedrill
1520.jpg,Arbok
1521.jpg,Fearow
1522.jpg,Omanyte
1523.jpg,Kadabra
1524.jpg,Geodude
1525.jpg,Arcanine
1526.jpg,Venusaur
1527.jpg,Farfetchd
1528.jpg,Sandslash
1529.jpg,Exeggutor
1530.jpg,Tauros
1531.jpg,Metapod
1532.jpg,Omanyte
1533.jpg,Rhyhorn
1534.jpg,Blastoise
1535.jpg,Kadabra
1536.jpg,Spearow
1537.jpg,Weezing
1538.jpg,Dugtrio
1539.png,Squirtle
1540.jpg,Dragonite
1541.jpg,Arbok
1542.jpg,Kadabra
1543.jpg,Kadabra
1544.jpg,Nidoqueen
1545.jpg,Seaking
1546.jpg,Rhyhorn
1547.jpg,Mankey
1548.jpg,Fearow
1549.jpg,Kingler
1550.jpg,Dewgong
1551.jpg,Vaporeon
1552.jpg,Graveler
1553.jpg,Omastar
1554.jpg,Kangaskhan
1555.jpg,Fearow
1556.jpg,Bellsprout
1557.jpg,Tauros
1558.png,Growlithe
1559.jpg,Tauros
1560.jpg,Kakuna
1561.jpg,Tauros
1562.jpg,Omanyte
1563.jpg,Tentacool
1564.jpg,Tauros
1565.jpg,Ninetales
1566.jpg,Hitmonchan
1567.jpg,Graveler
1568.jpg,Tauros
1569.jpg,Farfetchd
1570.jpg,Kakuna
1571.jpg,Pikachu
1572.jpg,Graveler
1573.jpg,Kadabra
1574.jpg,Arbok
1575.jpg,Fearow
1576.jpg,Kadabra
1577.jpg,Dewgong
1578.jpg,Fearow
1579.jpg,Kadabra
1580.jpg,Fearow
1581.jpg,Dewgong
1582.jpg,Beedrill
1583.jpg,Oddish
1584.jpg,Graveler
1585.jpg,Metapod
1586.jpg,Vaporeon
1587.jpg,Arbok
1588.jpg,Kadabra
1589.jpg,Mewtwo
1590.jpg,Mankey
1591.png,Aerodactyl
1592.jpg,Vaporeon
1593.jpg,Ninetales
1594.jpg,Kadabra
1595.jpg,Gengar
1596.jpg,Paras
1597.jpg,Charizard
1598.jpg,Caterpie
1599.jpg,Kadabra
1600.jpg,Caterpie
1601.jpg,Tauros
1602.jpg,Sandslash
1603.jpg,Rhydon
1604.jpg,Dewgong
1605.jpg,Mewtwo
1606.jpg,Blastoise
1607.jpg,Mewtwo
1608.jpg,Tauros
1609.jpg,Kadabra
1610.jpg,Metapod
1611.jpg,Tauros
1612.jpg,Blastoise
1613.jpg,Omastar
1614.jpg,Metapod
1615.jpg,Geodude
1616.jpg,Doduo
1617.jpg,Vaporeon
1618.png,Squirtle
1619.jpg,Kadabra
1620.jpg,Bulbasaur
1621.jpg,Voltorb
1622.jpg,Pikachu
1623.jpg,Ivysaur
1624.jpg,Caterpie
1625.jpg,Aerodactyl
1626.jpg,Bulbasaur
1627.jpg,Nidorino
1628.png,Fearow
1629.jpg,Magikarp
1630.png,Caterpie
1631.jpg,Arbok
1632.jpg,Dodrio
1633.jpg,Caterpie
1634.jpg,Rhydon
1635.jpg,Sandslash
1636.jpg,Exeggutor
1637.jpg,Vaporeon
1638.jpg,Sandslash
1639.jpg,Growlithe
1640.jpg,Charizard
1641.jpg,Kabutops
1642.jpg,Cubone
1643.jpg,Kadabra
1644.jpg,Squirtle
1645.jpg,Omanyte
1646.jpg,Kingler
1647.jpg,Nidorina
1648.jpg,Gloom
1649.jpg,Farfetchd
1650.jpg,Kadabra
1651.jpg,Mewtwo
1652.jpg,Squirtle
1653.jpg,Tauros
1654.jpg,Fearow
1655.jpg,Golem
1656.jpg,Tauros
1657.jpg,Weepinbell
1658.jpg,Poliwrath
1659.jpg,Fearow
1660.jpg,Bulbasaur
1661.jpg,Pinsir
1662.jpg,Golem
1663.jpg,Tauros
1664.jpg,Kingler
1665.jpg,Seaking
1666.jpg,Rhyhorn
1667.png,Squirtle
1668.jpg,Shellder
1669.jpg,Sandslash
1670.jpg,Dugtrio
1671.jpg,Tauros
1672.jpg,Tauros
1673.jpg,Tauros
1674.jpg,Exeggutor
1675.jpg,Omanyte
1676.jpg,Fearow
1677.jpg,Omanyte
1678.jpg,Bulbasaur
1679.jpg,Blastoise
1680.jpg,Fearow
1681.jpg,Mewtwo
1682.png,Jolteon
1683.jpg,Arbok
1684.jpg,Poliwrath
1685.jpg,Raticate
1686.jpg,Kadabra
1687.jpg,Geodude
1688.jpg,Sandslash
1689.jpg,Metapod
1690.jpg,Kangaskhan
1691.jpg,Omanyte
1692.jpg,Pinsir
1693.jpg,Ekans
1694.jpg,Fearow
1695.jpg,Geodude
1696.jpg,Omastar
1697.jpg,Kingler
1698.jpg,Kangaskhan
1699.jpg,Omanyte
1700.jpg,Psyduck
1701.png,Bulbasaur
1702.jpg,Arcanine
1703.jpg,Farfetchd
1704.jpg,Raticate
1705.jpg,Blastoise
1706.jpg,Goldeen
1707.jpg,Beedrill
1708.jpg,Vaporeon
1709.jpg,Tauros
1710.jpg,Sandslash
1711.jpg,Poliwhirl
1712.jpg,Growlithe
1713.jpg,Tauros
1714.png,Pikachu
1715.jpg,Caterpie
1716.jpg,Poliwhirl
1717.jpg,Kadabra
1718.jpg,Primeape
1719.jpg,Moltres
1720.jpg,Golem
1721.jpg,Rhydon
1722.jpg,Dewgong
1723.jpg,Exeggutor
1724.jpg,Bulbasaur
1725.jpg,Kingler
1726.jpg,Tauros
1727.jpg,Dugtrio
1728.jpg,Kadabra
1729.jpg,Chansey
1730.png,Mewtwo
1731.jpg,Poliwrath
1732.jpg,Kadabra
1733.jpg,Arbok
1734.png,Kadabra
1735.jpg,Gloom
1736.jpg,Snorlax
1737.jpg,Graveler
1738.jpg,Seadra
1739.jpg,Omastar
1740.jpg,Bulbasaur
1741.jpg,Exeggutor
1742.jpg,Aerodactyl
1743.jpg,Caterpie
1744.jpg,Caterpie
1745.jpg,Omanyte
1746.jpg,Arbok
1747.jpg,Mewtwo
1748.jpg,Tauros
1749.jpg,Raticate
1750.jpg,Mewtwo
1751.jpg,Sandslash
1752.jpg,Tauros
1753.jpg,Graveler
1754.jpg,Zapdos
1755.jpg,Vaporeon
1756.jpg,Kakuna
1757.jpg,Onix
1758.jpg,Oddish
1759.jpg,Tauros
1760.jpg,Fearow
1761.jpg,Tauros
1762.png,Golem
1763.jpg,Pikachu
1764.jpg,Omanyte
1765.jpg,Kangaskhan
1766.jpg,Poliwrath
1767.jpg,Rhydon
1768.jpg,Raticate
1769.jpg,Tauros
1770.jpg,Kingler
1771.jpg,Tauros
1772.jpg,Vaporeon
1773.jpg,Mewtwo
1774.jpg,Exeggutor
1775.jpg,Mewtwo
1776.jpg,Tauros
1777.jpg,Sandslash
1778.png,Kadabra
1779.jpg,Bulbasaur
1780.jpg,Omanyte
1781.png,Vaporeon
1782.jpg,Poliwrath
1783.jpg,Omastar
1784.jpg,Golem
1785.jpg,Venusaur
1786.jpg,Poliwrath
1787.jpg,Koffing
1788.png,Growlithe
1789.jpg,Arcanine
1790.jpg,Persian
1791.jpg,Squirtle
1792.jpg,Kingler
1793.jpg,Omastar
1794.jpg,Mewtwo
1795.jpg,Rhydon
1796.jpg,Tauros
1797.jpg,Arbok
1798.jpg,Mankey
1799.jpg,Pikachu
1800.jpg,Bulbasaur
1801.jpg,Omanyte
1802.jpg,Exeggutor
1803.jpg,Magneton
1804.jpg,Tauros
1805.jpg,Venusaur
1806.png,Charizard
1807.jpg,Pinsir
1808.jpg,Mewtwo
1809.jpg,Exeggutor
1810.jpg,Gloom
1811.jpg,Mewtwo
1812.jpg,Exeggutor
1813.jpg,Exeggutor
1814.jpg,Pikachu
1815.jpg,Bulbasaur
1816.jpg,Kadabra
1817.jpg,Bellsprout
1818.jpg,Tauros
1819.jpg,Dugtrio
1820.jpg,Sandslash
1821.jpg,Charmander
1822.jpg,Pikachu
1823.jpg,Kadabra
1824.jpg,Mankey
1825.jpg,Bellsprout
1826.jpg,Mewtwo
1827.jpg,Sandslash
1828.jpg,Spearow
1829.jpg,Blastoise
1830.jpg,Mewtwo
1831.jpg,Charmander
1832.jpg,Charmander
1833.jpg,Beedrill
1834.jpg,Spearow
1835.jpg,Gloom
1836.jpg,Venonat
1837.jpg,Tauros
1838.png,Bulbasaur
1839.png,Bulbasaur
1840.jpg,Venusaur
1841.jpg,Charmander
1842.jpg,Tauros
1843.jpg,Doduo
1844.jpg,Kadabra
1845.jpg,Omanyte
1846.png,Charmander
1847.jpg,Sandslash
1848.jpg,Arcanine
1849.jpg,Beedrill
1850.jpg,Graveler
1851.jpg,Growlithe
1852.jpg,Gloom
1853.jpg,Blastoise
1854.jpg,Kadabra
1855.png,Kadabra
1856.jpg,Tauros
1857.jpg,Sandslash
1858.jpg,Jynx
1859.jpg,Tauros
1860.jpg,Tauros
1861.jpg,Blastoise
1862.jpg,Kangaskhan
1863.jpg,Growlithe
1864.jpg,Pinsir
1865.jpg,Bulbasaur
1866.jpg,Rhydon
1867.jpg,Ninetales
1868.jpg,Farfetchd
1869.jpg,Spearow
1870.jpg,Seaking
1871.jpg,Cubone
1872.png,Dugtrio
1873.jpg,Golduck
1874.jpg,Kadabra
1875.jpg,Kangaskhan
1876.jpg,Cloyster
1877.jpg,Golem
1878.jpg,Tauros
1879.jpg,Growlithe
1880.jpg,Machop
1881.jpg,Charizard
1882.jpg,Golbat
1883.jpg,Poliwrath
1884.jpg,Tauros
1885.jpg,Tauros
1886.jpg,Arbok
1887.jpg,Tauros
1888.png,Charmander
1889.jpg,Kangaskhan
1890.jpg,Weepinbell
1891.jpg,Beedrill
1892.jpg,Ivysaur
1893.jpg,Pinsir
1894.jpg,Farfetchd
1895.jpg,Rhydon
1896.png,Caterpie
1897.jpg,Kingler
1898.jpg,Poliwhirl
1899.jpg,Sandslash
1900.jpg,Arbok
1901.jpg,Charmander
1902.jpg,Kadabra
1903.jpg,Kadabra
1904.jpg,Kingler
1905.jpg,Arcanine
1906.png,Growlithe
1907.jpg,Mewtwo
1908.jpg,Kingler
1909.jpg,Farfetchd
1910.jpg,Blastoise
1911.jpg,Mewtwo
1912.jpg,Venusaur
1913.jpg,Kadabra
1914.jpg,Nidorina
1915.jpg,Koffing
1916.jpg,Venonat
1917.jpg,Machamp
1918.jpg,Kingler
1919.jpg,Squirtle
1920.jpg,Omastar
1921.jpg,Jynx
1922.jpg,Poliwhirl
1923.jpg,Kangaskhan
1924.jpg,Bulbasaur
1925.jpg,Dodrio
1926.jpg,Arbok
1927.jpg,Charmander
1928.jpg,Omanyte
1929.jpg,Staryu
1930.jpg,Farfetchd
1931.jpg,Tauros
1932.jpg,Kingler
1933.jpg,Omanyte
1934.jpg,Exeggutor
1935.jpg,Arbok
1936.jpg,Tauros
1937.jpg,Blastoise
1938.jpg,Sandslash
1939.jpg,Kangaskhan
1940.jpg,Starmie
1941.jpg,Tauros
1942.jpg,Tauros
1943.jpg,Graveler
1944.jpg,Kingler
1945.jpg,Graveler
1946.jpg,Exeggutor
1947.jpg,Gloom
1948.jpg,Omastar
1949.jpg,Tauros
1950.jpg,Parasect
1951.jpg,Fearow
1952.jpg,Cubone
1953.png,Bulbasaur
1954.jpg,Blastoise
1955.jpg,Tauros
1956.jpg,Omastar
1957.jpg,Gloom
1958.jpg,Caterpie
1959.jpg,Squirtle
1960.jpg,Vaporeon
1961.jpg,Golem
1962.jpg,Spearow
1963.jpg,Grimer
1964.jpg,Fearow
1965.jpg,Tauros
1966.jpg,Cloyster
1967.jpg,Kadabra
1968.jpg,Kingler
1969.png,Bulbasaur
1970.jpg,Tauros
1971.jpg,Caterpie
1972.png,Bulbasaur
1973.jpg,Omanyte
1974.jpg,Omanyte
1975.jpg,Geodude
1976.jpg,Kingler
1977.jpg,Tauros
1978.jpg,Kadabra
1979.jpg,Tentacruel
1980.jpg,Sandslash
1981.jpg,Kakuna
1982.jpg,Tauros
1983.jpg,Metapod
1984.jpg,Tauros
1985.jpg,Poliwrath
1986.jpg,Nidoqueen
1987.jpg,Poliwrath
1988.jpg,Growlithe
1989.jpg,Dugtrio
1990.jpg,Arbok
1991.jpg,Poliwhirl
1992.jpg,Fearow
1993.jpg,Golem
1994.jpg,Tauros
1995.jpg,Tauros
1996.jpg,Ivysaur
1997.jpg,Squirtle
1998.jpg,Farfetchd
1999.jpg,Golem
2000.jpg,Farfetchd
2001.jpg,Caterpie
2002.jpg,Vaporeon
2003.jpg,Kadabra
2004.jpg,Kadabra
2005.jpg,Spearow
2006.png,Omanyte
2007.jpg,Arbok
2008.jpg,Cubone
2009.jpg,Cloyster
2010.jpg,Spearow
2011.jpg,Tauros
2012.jpg,Tauros
2013.jpg,Fearow
2014.jpg,Vaporeon
2015.jpg,Mewtwo
2016.jpg,Kangaskhan
2017.jpg,Blastoise
2018.jpg,Exeggutor
2019.jpg,Spearow
2020.jpg,Beedrill
2021.jpg,Golem
2022.png,Squirtle
2023.jpg,Metapod
2024.jpg,Raticate
2025.jpg,Poliwhirl
2026.jpg,Victreebel
2027.jpg,Magneton
2028.jpg,Exeggutor
2029.jpg,Geodude
2030.jpg,Vileplume
2031.jpg,Pinsir
2032.jpg,Gloom
2033.jpg,Charizard
2034.jpg,Cloyster
2035.jpg,Kingler
2036.jpg,Omastar
2037.jpg,Vaporeon
2038.jpg,Tauros
2039.jpg,Dewgong
2040.jpg,Cubone
2041.jpg,Fearow
2042.jpg,Gloom
2043.jpg,Tauros
2044.jpg,Graveler
2045.jpg,Pinsir
2046.jpg,Tauros
2047.jpg,Aerodactyl
2048.jpg,Fearow
2049.jpg,Fearow
2050.jpg,Kingler
2051.jpg,Omastar
2052.jpg,Jynx
2053.jpg,Spearow
2054.jpg,Kangaskhan
2055.jpg,Charmander
2056.jpg,Squirtle
2057.jpg,Squirtle
2058.jpg,Rhydon
2059.jpg,Beedrill
2060.jpg,Arcanine
2061.jpg,Fearow
2062.jpg,Charmander
2063.jpg,Seaking
2064.jpg,Charizard
2065.jpg,Sandslash
2066.jpg,Geodude
2067.jpg,Sandslash
2068.jpg,Kakuna
2069.jpg,Kabutops
2070.jpg,Bulbasaur
2071.jpg,Charizard
2072.jpg,Fearow
2073.png,Charizard
2074.jpg,Nidoking
2075.jpg,Kingler
2076.jpg,Arbok
2077.jpg,Dewgong
2078.jpg,Venonat
2079.jpg,Rhydon
2080.jpg,Omastar
2081.jpg,Starmie
2082.jpg,Geodude
2083.jpg,Pinsir
2084.jpg,Dugtrio
2085.jpg,Exeggutor
2086.jpg,Psyduck
2087.jpg,Vaporeon
2088.jpg,Fearow
2089.jpg,Bulbasaur
2090.jpg,Tauros
2091.jpg,Arbok
2092.jpg,Omastar
2093.jpg,Nidoking
2094.jpg,Poliwhirl
2095.jpg,Caterpie
2096.jpg,Arcanine
2097.png,Squirtle
2098.jpg,Squirtle
2099.jpg,Omastar
2100.jpg,Aerodactyl
2101.jpg,Kadabra
2102.jpg,Mewtwo
2103.jpg,Kingler
2104.jpg,Poliwrath
2105.jpg,Omanyte
2106.jpg,Mewtwo
2107.jpg,Weezing
2108.jpg,Dewgong
2109.jpg,Ekans
2110.jpg,Vulpix
2111.jpg,Dewgong
2112.jpg,Bellsprout
2113.png,Kadabra
2114.jpg,Cloyster
2115.jpg,Arbok
2116.jpg,Cubone
2117.jpg,Venonat
2118.jpg,Geodude
2119.jpg,Exeggutor
2120.jpg,Caterpie
2121.png,Growlithe
2122.jpg,Graveler
2123.jpg,Dugtrio
2124.jpg,Omanyte
2125.jpg,Mewtwo
2126.jpg,Omanyte
2127.jpg,Seaking
2128.jpg,Sandslash
2129.jpg,Tauros
2130.jpg,Farfetchd
2131.jpg,Dugtrio
2132.jpg,Rhyhorn
2133.jpg,Cubone
2134.jpg,Fearow
2135.jpg,Mewtwo
2136.jpg,Staryu
2137.jpg,Dewgong
2138.jpg,Machamp
2139.jpg,Kingler
2140.jpg,Venusaur
2141.jpg,Snorlax
2142.jpg,Gengar
2143.jpg,Tauros
2144.jpg,Kadabra
2145.jpg,Vaporeon
2146.jpg,Kadabra
2147.jpg,Caterpie
2148.jpg,Graveler
2149.jpg,Sandslash
2150.jpg,Charizard
2151.jpg,Kangaskhan
2152.jpg,Sandslash
2153.jpg,Victreebel
2154.jpg,Poliwrath
2155.jpg,Tauros
2156.jpg,Cubone
2157.jpg,Tauros
2158.jpg,Geodude
2159.png,Kadabra
2160.jpg,Onix
2161.jpg,Staryu
2162.jpg,Magikarp
2163.jpg,Graveler
2164.jpg,Tauros
2165.jpg,Raticate
2166.jpg,Omanyte
2167.jpg,Poliwrath
2168.jpg,Omanyte
2169.jpg,Kadabra
2170.jpg,Dodrio
2171.jpg,Jolteon
2172.jpg,Exeggutor
2173.jpg,Farfetchd
2174.jpg,Tauros
2175.jpg,Omanyte
2176.jpg,Psyduck
2177.jpg,Lickitung
2178.jpg,Paras
2179.jpg,Tauros
2180.jpg,Kabutops
2181.jpg,Staryu
2182.jpg,Squirtle
2183.png,Metapod
2184.jpg,Arcanine
2185.jpg,Metapod
2186.jpg,Cloyster
2187.jpg,Poliwhirl
2188.jpg,Mewtwo
2189.jpg,Lapras
2190.jpg,Vaporeon
2191.jpg,Tentacruel
2192.jpg,Spearow
2193.jpg,Arcanine
2194.jpg,Caterpie
2195.jpg,Fearow
